{"cameraMode":{"drawMode":0,"name":"Shaded","section":"Shading Mode"},"sceneLighting":false,"audioPlay":false,"sceneViewState":{"m_AlwaysRefresh":false,"showFog":true,"showSkybox":false,"showFlares":true,"showImageEffects":true,"showParticleSystems":true,"showVisualEffectGraphs":true,"m_FxEnabled":true},"in2DMode":false,"pivot":{"x":0.6689009666442871,"y":3.1335361003875734,"z":-1.8666245937347413},"rotation":{"x":0.17881281673908235,"y":0.6531199216842651,"z":-0.16275671124458314,"w":0.7176995873451233},"size":3.782991647720337,"orthographic":false}